<recPhylo 
	xmlns:xsi="http://www.w3.org/2001/XMLSchema-instance"
	xsi:schemaLocation="http://www.recg.org ./recGeneTreeXML.xsd"
	xmlns="http://www.recg.org">
<spTree>
<phylogeny>
<clade>
		<name>s2</name>
	<clade>
			<name>s4</name>
		<clade>
				<name>s5</name>
			<clade>
					<name>Hordeum.vulgare</name>
			</clade>
			<clade>
					<name>Triticum.aestivum</name>
			</clade>
		</clade>
		<clade>
				<name>s6</name>
			<clade>
					<name>Oryza.sativa</name>
			</clade>
			<clade>
					<name>Zea.mays</name>
			</clade>
		</clade>
	</clade>
	<clade>
			<name>s1</name>
		<clade>
				<name>s0</name>
			<clade>
					<name>s7</name>
				<clade>
						<name>s8</name>
					<clade>
							<name>Arabidopis.thaliana</name>
					</clade>
					<clade>
							<name>Brassica.oleracea</name>
					</clade>
				</clade>
				<clade>
						<name>s9</name>
					<clade>
							<name>s10</name>
						<clade>
								<name>s11</name>
							<clade>
									<name>Citrillus.lanatus</name>
							</clade>
							<clade>
									<name>Cucumis.sativus</name>
							</clade>
						</clade>
						<clade>
								<name>Malus.domestica</name>
						</clade>
					</clade>
					<clade>
							<name>Glycine.max</name>
					</clade>
				</clade>
			</clade>
			<clade>
					<name>s15</name>
				<clade>
						<name>Beta.vulgaris</name>
				</clade>
				<clade>
						<name>s12</name>
					<clade>
							<name>s13</name>
						<clade>
								<name>s14</name>
							<clade>
									<name>Capsicum.annum</name>
							</clade>
							<clade>
									<name>Solanum.tuberosum</name>
							</clade>
						</clade>
						<clade>
								<name>Coffea.canephora</name>
						</clade>
					</clade>
					<clade>
							<name>Daucus.carota</name>
					</clade>
				</clade>
			</clade>
		</clade>
		<clade>
				<name>s3</name>
			<clade>
					<name>Amborella.trichopoda</name>
			</clade>
			<clade>
					<name>Marchantia.polymorpha</name>
			</clade>
		</clade>
	</clade>
</clade>
</phylogeny>
</spTree>
<recGeneTree>
<phylogeny rooted="true">
<clade>
	<name>NULL</name>
	<eventsRec>
		<speciation speciesLocation="s7"/>
	</eventsRec>
	<clade>
		<name>NULL</name>
		<eventsRec>
			<speciation speciesLocation="s9"/>
		</eventsRec>
		<clade>
			<name>NULL</name>
			<eventsRec>
				<branchingOut speciesLocation="Glycine.max"/>
			</eventsRec>
			<clade>
				<name>Daucus.carota_KZM83746</name>
				<eventsRec>
					<transferBack destinationSpecies="Daucus.carota"/>
					<leaf speciesLocation="Daucus.carota"/>
				</eventsRec>
			</clade>
			<clade>
				<name>NULL</name>
				<eventsRec>
					<branchingOut speciesLocation="Glycine.max"/>
				</eventsRec>
				<clade>
					<name>NULL</name>
					<eventsRec>
						<duplication speciesLocation="Glycine.max"/>
					</eventsRec>
					<clade>
						<name>Glycine.max_KRH75806</name>
						<eventsRec>
							<leaf speciesLocation="Glycine.max"/>
						</eventsRec>
					</clade>
					<clade>
						<name>Glycine.max_KRH66011</name>
						<eventsRec>
							<leaf speciesLocation="Glycine.max"/>
						</eventsRec>
					</clade>
				</clade>
				<clade>
					<name>Marchantia.polymorpha_Mp5g10040.1.cds</name>
					<eventsRec>
						<transferBack destinationSpecies="Marchantia.polymorpha"/>
						<leaf speciesLocation="Marchantia.polymorpha"/>
					</eventsRec>
				</clade>
			</clade>
		</clade>
		<clade>
			<name>NULL</name>
			<eventsRec>
				<speciation speciesLocation="s10"/>
			</eventsRec>
			<clade>
				<name>NULL</name>
				<eventsRec>
					<branchingOut speciesLocation="s11"/>
				</eventsRec>
				<clade>
					<name>NULL</name>
					<eventsRec>
						<speciation speciesLocation="s11"/>
					</eventsRec>
					<clade>
						<name>NULL</name>
						<eventsRec>
							<duplication speciesLocation="Citrillus.lanatus"/>
						</eventsRec>
						<clade>
							<name>Citrillus.lanatus_Cla97C10G205040.1</name>
							<eventsRec>
								<leaf speciesLocation="Citrillus.lanatus"/>
							</eventsRec>
						</clade>
						<clade>
							<name>Citrillus.lanatus_Cla97C03G055690.1</name>
							<eventsRec>
								<leaf speciesLocation="Citrillus.lanatus"/>
							</eventsRec>
						</clade>
					</clade>
					<clade>
						<name>Cucumis.sativus_KGN58799</name>
						<eventsRec>
							<leaf speciesLocation="Cucumis.sativus"/>
						</eventsRec>
					</clade>
				</clade>
				<clade>
					<name>NULL</name>
					<eventsRec>
						<transferBack destinationSpecies="s4"/>
						<speciation speciesLocation="s4"/>
					</eventsRec>
					<clade>
						<name>NULL</name>
						<eventsRec>
							<duplication speciesLocation="s5"/>
						</eventsRec>
						<clade>
							<name>NULL</name>
							<eventsRec>
								<speciation speciesLocation="s5"/>
							</eventsRec>
							<clade>
								<name>Hordeum.vulgare_HORVU.MOREX.r3.4HG0389480.1</name>
								<eventsRec>
									<leaf speciesLocation="Hordeum.vulgare"/>
								</eventsRec>
							</clade>
							<clade>
								<name>Triticum.aestivum_TraesCS4B02G212700.1</name>
								<eventsRec>
									<leaf speciesLocation="Triticum.aestivum"/>
								</eventsRec>
							</clade>
						</clade>
						<clade>
							<name>NULL</name>
							<eventsRec>
								<speciation speciesLocation="s5"/>
							</eventsRec>
								<clade>
								<name>loss</name>
								<eventsRec>
									<loss speciesLocation="Hordeum.vulgare"/>
								</eventsRec>
							</clade>
							<clade>
								<name>NULL</name>
								<eventsRec>
									<duplication speciesLocation="Triticum.aestivum"/>
								</eventsRec>
								<clade>
									<name>NULL</name>
									<eventsRec>
										<duplication speciesLocation="Triticum.aestivum"/>
									</eventsRec>
									<clade>
										<name>Triticum.aestivum_TraesCS4D02G213700.1</name>
										<eventsRec>
											<leaf speciesLocation="Triticum.aestivum"/>
										</eventsRec>
									</clade>
									<clade>
										<name>Triticum.aestivum_TraesCS4D02G213700.2</name>
										<eventsRec>
											<leaf speciesLocation="Triticum.aestivum"/>
										</eventsRec>
									</clade>
								</clade>
								<clade>
									<name>NULL</name>
									<eventsRec>
										<duplication speciesLocation="Triticum.aestivum"/>
									</eventsRec>
									<clade>
										<name>Triticum.aestivum_TraesCS4A02G091800.2</name>
										<eventsRec>
											<leaf speciesLocation="Triticum.aestivum"/>
										</eventsRec>
									</clade>
									<clade>
										<name>Triticum.aestivum_TraesCS4A02G091800.1</name>
										<eventsRec>
											<leaf speciesLocation="Triticum.aestivum"/>
										</eventsRec>
									</clade>
								</clade>
							</clade>
						</clade>
					</clade>
					<clade>
						<name>NULL</name>
						<eventsRec>
							<speciation speciesLocation="s6"/>
						</eventsRec>
						<clade>
							<name>Oryza.sativa_Os03t0266000-01</name>
							<eventsRec>
								<leaf speciesLocation="Oryza.sativa"/>
							</eventsRec>
						</clade>
						<clade>
							<name>NULL</name>
							<eventsRec>
								<duplication speciesLocation="Zea.mays"/>
							</eventsRec>
							<clade>
								<name>Zea.mays_Zm00001eb011830_P003</name>
								<eventsRec>
									<leaf speciesLocation="Zea.mays"/>
								</eventsRec>
							</clade>
							<clade>
								<name>NULL</name>
								<eventsRec>
									<duplication speciesLocation="Zea.mays"/>
								</eventsRec>
								<clade>
									<name>Zea.mays_Zm00001eb011830_P001</name>
									<eventsRec>
										<leaf speciesLocation="Zea.mays"/>
									</eventsRec>
								</clade>
								<clade>
									<name>Zea.mays_Zm00001eb011830_P002</name>
									<eventsRec>
										<leaf speciesLocation="Zea.mays"/>
									</eventsRec>
								</clade>
							</clade>
						</clade>
					</clade>
				</clade>
			</clade>
			<clade>
				<name>NULL</name>
				<eventsRec>
					<branchingOut speciesLocation="Malus.domestica"/>
				</eventsRec>
				<clade>
					<name>NULL</name>
					<eventsRec>
						<transferBack destinationSpecies="s13"/>
						<speciation speciesLocation="s13"/>
					</eventsRec>
					<clade>
						<name>NULL</name>
						<eventsRec>
							<speciation speciesLocation="s14"/>
						</eventsRec>
						<clade>
							<name>Capsicum.annum_PHT72348</name>
							<eventsRec>
								<leaf speciesLocation="Capsicum.annum"/>
							</eventsRec>
						</clade>
						<clade>
							<name>Solanum.tuberosum_PGSC0003DMT400052431</name>
							<eventsRec>
								<leaf speciesLocation="Solanum.tuberosum"/>
							</eventsRec>
						</clade>
					</clade>
					<clade>
						<name>Coffea.canephora_CDP06522</name>
						<eventsRec>
							<leaf speciesLocation="Coffea.canephora"/>
						</eventsRec>
					</clade>
				</clade>
				<clade>
					<name>NULL</name>
					<eventsRec>
						<branchingOut speciesLocation="Malus.domestica"/>
					</eventsRec>
					<clade>
						<name>NULL</name>
						<eventsRec>
							<duplication speciesLocation="Malus.domestica"/>
						</eventsRec>
						<clade>
							<name>Malus.domestica_mRNA_MD04G0116600</name>
							<eventsRec>
								<leaf speciesLocation="Malus.domestica"/>
							</eventsRec>
						</clade>
						<clade>
							<name>NULL</name>
							<eventsRec>
								<duplication speciesLocation="Malus.domestica"/>
							</eventsRec>
							<clade>
								<name>Malus.domestica_mRNA_MD04G0116500</name>
								<eventsRec>
									<leaf speciesLocation="Malus.domestica"/>
								</eventsRec>
							</clade>
							<clade>
								<name>Malus.domestica_mRNA_MD12G0131600</name>
								<eventsRec>
									<leaf speciesLocation="Malus.domestica"/>
								</eventsRec>
							</clade>
						</clade>
					</clade>
					<clade>
						<name>NULL</name>
						<eventsRec>
							<transferBack destinationSpecies="Amborella.trichopoda"/>
							<branchingOut speciesLocation="Amborella.trichopoda"/>
						</eventsRec>
						<clade>
							<name>NULL</name>
							<eventsRec>
								<transferBack destinationSpecies="Beta.vulgaris"/>
								<duplication speciesLocation="Beta.vulgaris"/>
							</eventsRec>
							<clade>
								<name>NULL</name>
								<eventsRec>
									<duplication speciesLocation="Beta.vulgaris"/>
								</eventsRec>
								<clade>
									<name>Beta.vulgaris_KMT11099</name>
									<eventsRec>
										<leaf speciesLocation="Beta.vulgaris"/>
									</eventsRec>
								</clade>
								<clade>
									<name>Beta.vulgaris_KMT11097</name>
									<eventsRec>
										<leaf speciesLocation="Beta.vulgaris"/>
									</eventsRec>
								</clade>
							</clade>
							<clade>
								<name>Beta.vulgaris_KMT11098</name>
								<eventsRec>
									<leaf speciesLocation="Beta.vulgaris"/>
								</eventsRec>
							</clade>
						</clade>
						<clade>
							<name>Amborella.trichopoda_ERN09657</name>
							<eventsRec>
								<leaf speciesLocation="Amborella.trichopoda"/>
							</eventsRec>
						</clade>
					</clade>
				</clade>
			</clade>
		</clade>
	</clade>
	<clade>
		<name>NULL</name>
		<eventsRec>
			<speciation speciesLocation="s8"/>
		</eventsRec>
		<clade>
			<name>NULL</name>
			<eventsRec>
				<duplication speciesLocation="Arabidopis.thaliana"/>
			</eventsRec>
			<clade>
				<name>Arabidopis.thaliana_AT2G38025.2</name>
				<eventsRec>
					<leaf speciesLocation="Arabidopis.thaliana"/>
				</eventsRec>
			</clade>
			<clade>
				<name>Arabidopis.thaliana_AT2G38025.1</name>
				<eventsRec>
					<leaf speciesLocation="Arabidopis.thaliana"/>
				</eventsRec>
			</clade>
		</clade>
		<clade>
			<name>Brassica.oleracea_Bo3g032130.1</name>
			<eventsRec>
				<leaf speciesLocation="Brassica.oleracea"/>
			</eventsRec>
		</clade>
	</clade>
</clade>
</phylogeny>
</recGeneTree>
</recPhylo>