<recPhylo 
	xmlns:xsi="http://www.w3.org/2001/XMLSchema-instance"
	xsi:schemaLocation="http://www.recg.org ./recGeneTreeXML.xsd"
	xmlns="http://www.recg.org">
<spTree>
<phylogeny>
<clade>
		<name>s2</name>
	<clade>
			<name>s4</name>
		<clade>
				<name>s5</name>
			<clade>
					<name>Hordeum.vulgare</name>
			</clade>
			<clade>
					<name>Triticum.aestivum</name>
			</clade>
		</clade>
		<clade>
				<name>s6</name>
			<clade>
					<name>Oryza.sativa</name>
			</clade>
			<clade>
					<name>Zea.mays</name>
			</clade>
		</clade>
	</clade>
	<clade>
			<name>s1</name>
		<clade>
				<name>s0</name>
			<clade>
					<name>s7</name>
				<clade>
						<name>s8</name>
					<clade>
							<name>Arabidopis.thaliana</name>
					</clade>
					<clade>
							<name>Brassica.oleracea</name>
					</clade>
				</clade>
				<clade>
						<name>s9</name>
					<clade>
							<name>s10</name>
						<clade>
								<name>s11</name>
							<clade>
									<name>Citrillus.lanatus</name>
							</clade>
							<clade>
									<name>Cucumis.sativus</name>
							</clade>
						</clade>
						<clade>
								<name>Malus.domestica</name>
						</clade>
					</clade>
					<clade>
							<name>Glycine.max</name>
					</clade>
				</clade>
			</clade>
			<clade>
					<name>s15</name>
				<clade>
						<name>Beta.vulgaris</name>
				</clade>
				<clade>
						<name>s12</name>
					<clade>
							<name>s13</name>
						<clade>
								<name>s14</name>
							<clade>
									<name>Capsicum.annum</name>
							</clade>
							<clade>
									<name>Solanum.tuberosum</name>
							</clade>
						</clade>
						<clade>
								<name>Coffea.canephora</name>
						</clade>
					</clade>
					<clade>
							<name>Daucus.carota</name>
					</clade>
				</clade>
			</clade>
		</clade>
		<clade>
				<name>s3</name>
			<clade>
					<name>Amborella.trichopoda</name>
			</clade>
			<clade>
					<name>Marchantia.polymorpha</name>
			</clade>
		</clade>
	</clade>
</clade>
</phylogeny>
</spTree>
<recGeneTree>
<phylogeny rooted="true">
<clade>
	<name>NULL</name>
	<eventsRec>
		<speciation speciesLocation="s7"/>
	</eventsRec>
	<clade>
		<name>NULL</name>
		<eventsRec>
			<speciation speciesLocation="s9"/>
		</eventsRec>
		<clade>
			<name>NULL</name>
			<eventsRec>
				<duplication speciesLocation="Glycine.max"/>
			</eventsRec>
			<clade>
				<name>Glycine.max_KRH64150</name>
				<eventsRec>
					<leaf speciesLocation="Glycine.max"/>
				</eventsRec>
			</clade>
			<clade>
				<name>NULL</name>
				<eventsRec>
					<duplication speciesLocation="Glycine.max"/>
				</eventsRec>
				<clade>
					<name>Glycine.max_KRH53795</name>
					<eventsRec>
						<leaf speciesLocation="Glycine.max"/>
					</eventsRec>
				</clade>
				<clade>
					<name>Glycine.max_KRH53796</name>
					<eventsRec>
						<leaf speciesLocation="Glycine.max"/>
					</eventsRec>
				</clade>
			</clade>
		</clade>
		<clade>
			<name>NULL</name>
			<eventsRec>
				<speciation speciesLocation="s10"/>
			</eventsRec>
			<clade>
				<name>NULL</name>
				<eventsRec>
					<branchingOut speciesLocation="s11"/>
				</eventsRec>
				<clade>
					<name>Beta.vulgaris_KMT08654</name>
					<eventsRec>
						<transferBack destinationSpecies="Beta.vulgaris"/>
						<leaf speciesLocation="Beta.vulgaris"/>
					</eventsRec>
				</clade>
				<clade>
					<name>NULL</name>
					<eventsRec>
						<speciation speciesLocation="s11"/>
					</eventsRec>
					<clade>
						<name>Citrillus.lanatus_Cla97C02G039060.1</name>
						<eventsRec>
							<leaf speciesLocation="Citrillus.lanatus"/>
						</eventsRec>
					</clade>
					<clade>
						<name>Cucumis.sativus_KGN62076</name>
						<eventsRec>
							<leaf speciesLocation="Cucumis.sativus"/>
						</eventsRec>
					</clade>
				</clade>
			</clade>
			<clade>
				<name>NULL</name>
				<eventsRec>
					<branchingOut speciesLocation="Malus.domestica"/>
				</eventsRec>
				<clade>
					<name>NULL</name>
					<eventsRec>
						<duplication speciesLocation="Malus.domestica"/>
					</eventsRec>
					<clade>
						<name>NULL</name>
						<eventsRec>
							<branchingOut speciesLocation="Malus.domestica"/>
						</eventsRec>
						<clade>
							<name>Malus.domestica_mRNA_MD01G0010300</name>
							<eventsRec>
								<leaf speciesLocation="Malus.domestica"/>
							</eventsRec>
						</clade>
						<clade>
							<name>Solanum.tuberosum_PGSC0003DMT400042740</name>
							<eventsRec>
								<transferBack destinationSpecies="Solanum.tuberosum"/>
								<leaf speciesLocation="Solanum.tuberosum"/>
							</eventsRec>
						</clade>
					</clade>
					<clade>
						<name>Malus.domestica_mRNA_MD15G0289100</name>
						<eventsRec>
							<leaf speciesLocation="Malus.domestica"/>
						</eventsRec>
					</clade>
				</clade>
				<clade>
					<name>NULL</name>
					<eventsRec>
						<transferBack destinationSpecies="s3"/>
						<speciation speciesLocation="s3"/>
					</eventsRec>
					<clade>
						<name>NULL</name>
						<eventsRec>
							<branchingOut speciesLocation="Marchantia.polymorpha"/>
						</eventsRec>
						<clade>
							<name>Marchantia.polymorpha_Mp3g00810.1.cds</name>
							<eventsRec>
								<leaf speciesLocation="Marchantia.polymorpha"/>
							</eventsRec>
						</clade>
						<clade>
							<name>NULL</name>
							<eventsRec>
								<transferBack destinationSpecies="s4"/>
								<speciation speciesLocation="s4"/>
							</eventsRec>
							<clade>
								<name>NULL</name>
								<eventsRec>
									<speciation speciesLocation="s5"/>
								</eventsRec>
								<clade>
									<name>NULL</name>
									<eventsRec>
										<branchingOut speciesLocation="Triticum.aestivum"/>
									</eventsRec>
									<clade>
										<name>NULL</name>
										<eventsRec>
											<transferBack destinationSpecies="s5"/>
											<speciation speciesLocation="s5"/>
										</eventsRec>
										<clade>
											<name>Hordeum.vulgare_HORVU.MOREX.r3.2HG0122840.1</name>
											<eventsRec>
												<leaf speciesLocation="Hordeum.vulgare"/>
											</eventsRec>
										</clade>
										<clade>
											<name>NULL</name>
											<eventsRec>
												<duplication speciesLocation="Triticum.aestivum"/>
											</eventsRec>
											<clade>
												<name>Triticum.aestivum_TraesCS2D02G166600.1</name>
												<eventsRec>
													<leaf speciesLocation="Triticum.aestivum"/>
												</eventsRec>
											</clade>
											<clade>
												<name>Triticum.aestivum_TraesCS2B02G184900.1</name>
												<eventsRec>
													<leaf speciesLocation="Triticum.aestivum"/>
												</eventsRec>
											</clade>
										</clade>
									</clade>
									<clade>
										<name>Triticum.aestivum_TraesCS2A02G159300.1</name>
										<eventsRec>
											<leaf speciesLocation="Triticum.aestivum"/>
										</eventsRec>
									</clade>
								</clade>
								<clade>
									<name>Hordeum.vulgare_HORVU.MOREX.r3.2HG0131920.1</name>
									<eventsRec>
										<leaf speciesLocation="Hordeum.vulgare"/>
									</eventsRec>
								</clade>
							</clade>
							<clade>
								<name>NULL</name>
								<eventsRec>
									<speciation speciesLocation="s6"/>
								</eventsRec>
								<clade>
									<name>Oryza.sativa_Os07t0627000-01</name>
									<eventsRec>
										<leaf speciesLocation="Oryza.sativa"/>
									</eventsRec>
								</clade>
								<clade>
									<name>Zea.mays_Zm00001eb328070_P001</name>
									<eventsRec>
										<leaf speciesLocation="Zea.mays"/>
									</eventsRec>
								</clade>
							</clade>
						</clade>
					</clade>
					<clade>
						<name>NULL</name>
						<eventsRec>
							<branchingOut speciesLocation="Amborella.trichopoda"/>
						</eventsRec>
						<clade>
							<name>Amborella.trichopoda_ERM94335</name>
							<eventsRec>
								<leaf speciesLocation="Amborella.trichopoda"/>
							</eventsRec>
						</clade>
						<clade>
							<name>NULL</name>
							<eventsRec>
								<transferBack destinationSpecies="s13"/>
								<speciation speciesLocation="s13"/>
							</eventsRec>
							<clade>
								<name>NULL</name>
								<eventsRec>
									<speciation speciesLocation="s14"/>
								</eventsRec>
								<clade>
									<name>NULL</name>
									<eventsRec>
										<duplication speciesLocation="Solanum.tuberosum"/>
									</eventsRec>
									<clade>
										<name>Solanum.tuberosum_PGSC0003DMT400042739</name>
										<eventsRec>
											<leaf speciesLocation="Solanum.tuberosum"/>
										</eventsRec>
									</clade>
									<clade>
										<name>Solanum.tuberosum_PGSC0003DMT400042741</name>
										<eventsRec>
											<leaf speciesLocation="Solanum.tuberosum"/>
										</eventsRec>
									</clade>
								</clade>
								<clade>
									<name>Capsicum.annum_PHT65891</name>
									<eventsRec>
										<leaf speciesLocation="Capsicum.annum"/>
									</eventsRec>
								</clade>
							</clade>
							<clade>
								<name>NULL</name>
								<eventsRec>
									<branchingOut speciesLocation="Coffea.canephora"/>
								</eventsRec>
								<clade>
									<name>NULL</name>
									<eventsRec>
										<duplication speciesLocation="Coffea.canephora"/>
									</eventsRec>
									<clade>
										<name>Coffea.canephora_CDP21187</name>
										<eventsRec>
											<leaf speciesLocation="Coffea.canephora"/>
										</eventsRec>
									</clade>
									<clade>
										<name>Coffea.canephora_CDP15459</name>
										<eventsRec>
											<leaf speciesLocation="Coffea.canephora"/>
										</eventsRec>
									</clade>
								</clade>
								<clade>
									<name>Daucus.carota_KZN01323</name>
									<eventsRec>
										<transferBack destinationSpecies="Daucus.carota"/>
										<leaf speciesLocation="Daucus.carota"/>
									</eventsRec>
								</clade>
							</clade>
						</clade>
					</clade>
				</clade>
			</clade>
		</clade>
	</clade>
	<clade>
		<name>NULL</name>
		<eventsRec>
			<speciation speciesLocation="s8"/>
		</eventsRec>
		<clade>
			<name>Arabidopis.thaliana_AT5G64860.1</name>
			<eventsRec>
				<leaf speciesLocation="Arabidopis.thaliana"/>
			</eventsRec>
		</clade>
		<clade>
			<name>Brassica.oleracea_Bo9g018470.1</name>
			<eventsRec>
				<leaf speciesLocation="Brassica.oleracea"/>
			</eventsRec>
		</clade>
	</clade>
</clade>
</phylogeny>
</recGeneTree>
</recPhylo>