<recPhylo 
	xmlns:xsi="http://www.w3.org/2001/XMLSchema-instance"
	xsi:schemaLocation="http://www.recg.org ./recGeneTreeXML.xsd"
	xmlns="http://www.recg.org">
<spTree>
<phylogeny>
<clade>
		<name>s2</name>
	<clade>
			<name>s4</name>
		<clade>
				<name>s5</name>
			<clade>
					<name>Hordeum.vulgare</name>
			</clade>
			<clade>
					<name>Triticum.aestivum</name>
			</clade>
		</clade>
		<clade>
				<name>s6</name>
			<clade>
					<name>Oryza.sativa</name>
			</clade>
			<clade>
					<name>Zea.mays</name>
			</clade>
		</clade>
	</clade>
	<clade>
			<name>s1</name>
		<clade>
				<name>s0</name>
			<clade>
					<name>s7</name>
				<clade>
						<name>s8</name>
					<clade>
							<name>Arabidopis.thaliana</name>
					</clade>
					<clade>
							<name>Brassica.oleracea</name>
					</clade>
				</clade>
				<clade>
						<name>s9</name>
					<clade>
							<name>s10</name>
						<clade>
								<name>s11</name>
							<clade>
									<name>Citrillus.lanatus</name>
							</clade>
							<clade>
									<name>Cucumis.sativus</name>
							</clade>
						</clade>
						<clade>
								<name>Malus.domestica</name>
						</clade>
					</clade>
					<clade>
							<name>Glycine.max</name>
					</clade>
				</clade>
			</clade>
			<clade>
					<name>s15</name>
				<clade>
						<name>Beta.vulgaris</name>
				</clade>
				<clade>
						<name>s12</name>
					<clade>
							<name>s13</name>
						<clade>
								<name>s14</name>
							<clade>
									<name>Capsicum.annum</name>
							</clade>
							<clade>
									<name>Solanum.tuberosum</name>
							</clade>
						</clade>
						<clade>
								<name>Coffea.canephora</name>
						</clade>
					</clade>
					<clade>
							<name>Daucus.carota</name>
					</clade>
				</clade>
			</clade>
		</clade>
		<clade>
				<name>s3</name>
			<clade>
					<name>Amborella.trichopoda</name>
			</clade>
			<clade>
					<name>Marchantia.polymorpha</name>
			</clade>
		</clade>
	</clade>
</clade>
</phylogeny>
</spTree>
<recGeneTree>
<phylogeny rooted="true">
<clade>
	<name>NULL</name>
	<eventsRec>
		<speciation speciesLocation="s4"/>
	</eventsRec>
	<clade>
		<name>NULL</name>
		<eventsRec>
			<speciation speciesLocation="s6"/>
		</eventsRec>
		<clade>
			<name>Oryza.sativa_Os10t0521000-01</name>
			<eventsRec>
				<leaf speciesLocation="Oryza.sativa"/>
			</eventsRec>
		</clade>
		<clade>
			<name>NULL</name>
			<eventsRec>
				<branchingOut speciesLocation="Zea.mays"/>
			</eventsRec>
			<clade>
				<name>NULL</name>
				<eventsRec>
					<duplication speciesLocation="Zea.mays"/>
				</eventsRec>
				<clade>
					<name>Zea.mays_Zm00001eb021270_P002</name>
					<eventsRec>
						<leaf speciesLocation="Zea.mays"/>
					</eventsRec>
				</clade>
				<clade>
					<name>Zea.mays_Zm00001eb021270_P001</name>
					<eventsRec>
						<leaf speciesLocation="Zea.mays"/>
					</eventsRec>
				</clade>
			</clade>
			<clade>
				<name>NULL</name>
				<eventsRec>
					<transferBack destinationSpecies="s1"/>
					<speciation speciesLocation="s1"/>
				</eventsRec>
				<clade>
					<name>NULL</name>
					<eventsRec>
						<branchingOut speciesLocation="s0"/>
					</eventsRec>
					<clade>
						<name>NULL</name>
						<eventsRec>
							<branchingOut speciesLocation="s0"/>
						</eventsRec>
						<clade>
							<name>NULL</name>
							<eventsRec>
								<transferBack destinationSpecies="s13"/>
								<speciation speciesLocation="s13"/>
							</eventsRec>
							<clade>
								<name>Coffea.canephora_CDP12200</name>
								<eventsRec>
									<leaf speciesLocation="Coffea.canephora"/>
								</eventsRec>
							</clade>
							<clade>
								<name>NULL</name>
								<eventsRec>
									<speciation speciesLocation="s14"/>
								</eventsRec>
								<clade>
									<name>Capsicum.annum_PHT92176</name>
									<eventsRec>
										<leaf speciesLocation="Capsicum.annum"/>
									</eventsRec>
								</clade>
								<clade>
									<name>Solanum.tuberosum_PGSC0003DMT400031935</name>
									<eventsRec>
										<leaf speciesLocation="Solanum.tuberosum"/>
									</eventsRec>
								</clade>
							</clade>
						</clade>
						<clade>
							<name>NULL</name>
							<eventsRec>
								<speciation speciesLocation="s0"/>
							</eventsRec>
							<clade>
								<name>NULL</name>
								<eventsRec>
									<speciation speciesLocation="s15"/>
								</eventsRec>
								<clade>
									<name>Beta.vulgaris_KMT12422</name>
									<eventsRec>
										<leaf speciesLocation="Beta.vulgaris"/>
									</eventsRec>
								</clade>
								<clade>
									<name>Daucus.carota_KZN01269</name>
									<eventsRec>
										<speciation speciesLocation="s12"/>
									</eventsRec>
										<clade>
										<name>loss</name>
										<eventsRec>
											<loss speciesLocation="s13"/>
										</eventsRec>
									</clade>
									<clade>
										<name>Daucus.carota_KZN01269</name>
										<eventsRec>
											<leaf speciesLocation="Daucus.carota"/>
										</eventsRec>
									</clade>
								</clade>
							</clade>
							<clade>
								<name>NULL</name>
								<eventsRec>
									<speciation speciesLocation="s7"/>
								</eventsRec>
								<clade>
									<name>NULL</name>
									<eventsRec>
										<branchingOut speciesLocation="s8"/>
									</eventsRec>
									<clade>
										<name>NULL</name>
										<eventsRec>
											<speciation speciesLocation="s8"/>
										</eventsRec>
											<clade>
											<name>loss</name>
											<eventsRec>
												<loss speciesLocation="Arabidopis.thaliana"/>
											</eventsRec>
										</clade>
										<clade>
											<name>NULL</name>
											<eventsRec>
												<branchingOut speciesLocation="Brassica.oleracea"/>
											</eventsRec>
											<clade>
												<name>Brassica.oleracea_Bo9g076660.1</name>
												<eventsRec>
													<leaf speciesLocation="Brassica.oleracea"/>
												</eventsRec>
											</clade>
											<clade>
												<name>Citrillus.lanatus_Cla97C01G001940.1</name>
												<eventsRec>
													<transferBack destinationSpecies="Citrillus.lanatus"/>
													<leaf speciesLocation="Citrillus.lanatus"/>
												</eventsRec>
											</clade>
										</clade>
									</clade>
									<clade>
										<name>Capsicum.annum_PHT92177</name>
										<eventsRec>
											<transferBack destinationSpecies="Capsicum.annum"/>
											<leaf speciesLocation="Capsicum.annum"/>
										</eventsRec>
									</clade>
								</clade>
								<clade>
									<name>NULL</name>
									<eventsRec>
										<speciation speciesLocation="s9"/>
									</eventsRec>
									<clade>
										<name>NULL</name>
										<eventsRec>
											<speciation speciesLocation="s10"/>
										</eventsRec>
											<clade>
											<name>loss</name>
											<eventsRec>
												<loss speciesLocation="s11"/>
											</eventsRec>
										</clade>
										<clade>
											<name>NULL</name>
											<eventsRec>
												<duplication speciesLocation="Malus.domestica"/>
											</eventsRec>
											<clade>
												<name>Malus.domestica_mRNA_MD14G0115800</name>
												<eventsRec>
													<leaf speciesLocation="Malus.domestica"/>
												</eventsRec>
											</clade>
											<clade>
												<name>Malus.domestica_mRNA_MD06G0090900</name>
												<eventsRec>
													<leaf speciesLocation="Malus.domestica"/>
												</eventsRec>
											</clade>
										</clade>
									</clade>
									<clade>
										<name>NULL</name>
										<eventsRec>
											<duplication speciesLocation="Glycine.max"/>
										</eventsRec>
										<clade>
											<name>Glycine.max_KRH60094</name>
											<eventsRec>
												<leaf speciesLocation="Glycine.max"/>
											</eventsRec>
										</clade>
										<clade>
											<name>Glycine.max_KRH60093</name>
											<eventsRec>
												<leaf speciesLocation="Glycine.max"/>
											</eventsRec>
										</clade>
									</clade>
								</clade>
							</clade>
						</clade>
					</clade>
					<clade>
						<name>NULL</name>
						<eventsRec>
							<transferBack destinationSpecies="s10"/>
							<speciation speciesLocation="s10"/>
						</eventsRec>
						<clade>
							<name>NULL</name>
							<eventsRec>
								<branchingOut speciesLocation="Malus.domestica"/>
							</eventsRec>
							<clade>
								<name>Amborella.trichopoda_ERN19328</name>
								<eventsRec>
									<transferBack destinationSpecies="Amborella.trichopoda"/>
									<leaf speciesLocation="Amborella.trichopoda"/>
								</eventsRec>
							</clade>
							<clade>
								<name>NULL</name>
								<eventsRec>
									<branchingOut speciesLocation="Malus.domestica"/>
								</eventsRec>
								<clade>
									<name>NULL</name>
									<eventsRec>
										<transferBack destinationSpecies="s8"/>
										<speciation speciesLocation="s8"/>
									</eventsRec>
									<clade>
										<name>Arabidopis.thaliana_AT4G24040.1</name>
										<eventsRec>
											<leaf speciesLocation="Arabidopis.thaliana"/>
										</eventsRec>
									</clade>
									<clade>
										<name>NULL</name>
										<eventsRec>
											<duplication speciesLocation="Brassica.oleracea"/>
										</eventsRec>
										<clade>
											<name>Brassica.oleracea_Bo7g109300.1</name>
											<eventsRec>
												<leaf speciesLocation="Brassica.oleracea"/>
											</eventsRec>
										</clade>
										<clade>
											<name>Brassica.oleracea_Bo1g037460.1</name>
											<eventsRec>
												<leaf speciesLocation="Brassica.oleracea"/>
											</eventsRec>
										</clade>
									</clade>
								</clade>
								<clade>
									<name>Malus.domestica_mRNA_MD14G0115700</name>
									<eventsRec>
										<leaf speciesLocation="Malus.domestica"/>
									</eventsRec>
								</clade>
							</clade>
						</clade>
						<clade>
							<name>NULL</name>
							<eventsRec>
								<duplication speciesLocation="s11"/>
							</eventsRec>
							<clade>
								<name>Citrillus.lanatus_Cla97C01G001950.1</name>
								<eventsRec>
									<speciation speciesLocation="s11"/>
								</eventsRec>
									<clade>
									<name>loss</name>
									<eventsRec>
										<loss speciesLocation="Cucumis.sativus"/>
									</eventsRec>
								</clade>
								<clade>
									<name>Citrillus.lanatus_Cla97C01G001950.1</name>
									<eventsRec>
										<leaf speciesLocation="Citrillus.lanatus"/>
									</eventsRec>
								</clade>
							</clade>
							<clade>
								<name>NULL</name>
								<eventsRec>
									<speciation speciesLocation="s11"/>
								</eventsRec>
								<clade>
									<name>Citrillus.lanatus_Cla97C01G001930.1</name>
									<eventsRec>
										<leaf speciesLocation="Citrillus.lanatus"/>
									</eventsRec>
								</clade>
								<clade>
									<name>Cucumis.sativus_KGN50019</name>
									<eventsRec>
										<leaf speciesLocation="Cucumis.sativus"/>
									</eventsRec>
								</clade>
							</clade>
						</clade>
					</clade>
				</clade>
				<clade>
					<name>NULL</name>
					<eventsRec>
						<speciation speciesLocation="s3"/>
					</eventsRec>
						<clade>
						<name>loss</name>
						<eventsRec>
							<loss speciesLocation="Amborella.trichopoda"/>
						</eventsRec>
					</clade>
					<clade>
						<name>NULL</name>
						<eventsRec>
							<duplication speciesLocation="Marchantia.polymorpha"/>
						</eventsRec>
						<clade>
							<name>NULL</name>
							<eventsRec>
								<branchingOut speciesLocation="Marchantia.polymorpha"/>
							</eventsRec>
							<clade>
								<name>Beta.vulgaris_KMS64908</name>
								<eventsRec>
									<transferBack destinationSpecies="Beta.vulgaris"/>
									<leaf speciesLocation="Beta.vulgaris"/>
								</eventsRec>
							</clade>
							<clade>
								<name>Marchantia.polymorpha_Mp2g20040.1.cds1</name>
								<eventsRec>
									<leaf speciesLocation="Marchantia.polymorpha"/>
								</eventsRec>
							</clade>
						</clade>
						<clade>
							<name>Marchantia.polymorpha_Mp1g10930.1.cds1</name>
							<eventsRec>
								<leaf speciesLocation="Marchantia.polymorpha"/>
							</eventsRec>
						</clade>
					</clade>
				</clade>
			</clade>
		</clade>
	</clade>
	<clade>
		<name>NULL</name>
		<eventsRec>
			<speciation speciesLocation="s5"/>
		</eventsRec>
		<clade>
			<name>NULL</name>
			<eventsRec>
				<duplication speciesLocation="Triticum.aestivum"/>
			</eventsRec>
			<clade>
				<name>Triticum.aestivum_TraesCS1B02G197900.1</name>
				<eventsRec>
					<leaf speciesLocation="Triticum.aestivum"/>
				</eventsRec>
			</clade>
			<clade>
				<name>NULL</name>
				<eventsRec>
					<duplication speciesLocation="Triticum.aestivum"/>
				</eventsRec>
				<clade>
					<name>Triticum.aestivum_TraesCS1A02G183000.1</name>
					<eventsRec>
						<leaf speciesLocation="Triticum.aestivum"/>
					</eventsRec>
				</clade>
				<clade>
					<name>Triticum.aestivum_TraesCS1D02G186500.1</name>
					<eventsRec>
						<leaf speciesLocation="Triticum.aestivum"/>
					</eventsRec>
				</clade>
			</clade>
		</clade>
		<clade>
			<name>Hordeum.vulgare_HORVU.MOREX.r3.1HG0050920.1</name>
			<eventsRec>
				<leaf speciesLocation="Hordeum.vulgare"/>
			</eventsRec>
		</clade>
	</clade>
</clade>
</phylogeny>
</recGeneTree>
</recPhylo>