<recPhylo 
	xmlns:xsi="http://www.w3.org/2001/XMLSchema-instance"
	xsi:schemaLocation="http://www.recg.org ./recGeneTreeXML.xsd"
	xmlns="http://www.recg.org">
<spTree>
<phylogeny>
<clade>
		<name>s2</name>
	<clade>
			<name>s4</name>
		<clade>
				<name>s5</name>
			<clade>
					<name>Hordeum.vulgare</name>
			</clade>
			<clade>
					<name>Triticum.aestivum</name>
			</clade>
		</clade>
		<clade>
				<name>s6</name>
			<clade>
					<name>Oryza.sativa</name>
			</clade>
			<clade>
					<name>Zea.mays</name>
			</clade>
		</clade>
	</clade>
	<clade>
			<name>s1</name>
		<clade>
				<name>s0</name>
			<clade>
					<name>s7</name>
				<clade>
						<name>s8</name>
					<clade>
							<name>Arabidopis.thaliana</name>
					</clade>
					<clade>
							<name>Brassica.oleracea</name>
					</clade>
				</clade>
				<clade>
						<name>s9</name>
					<clade>
							<name>s10</name>
						<clade>
								<name>s11</name>
							<clade>
									<name>Citrillus.lanatus</name>
							</clade>
							<clade>
									<name>Cucumis.sativus</name>
							</clade>
						</clade>
						<clade>
								<name>Malus.domestica</name>
						</clade>
					</clade>
					<clade>
							<name>Glycine.max</name>
					</clade>
				</clade>
			</clade>
			<clade>
					<name>s15</name>
				<clade>
						<name>Beta.vulgaris</name>
				</clade>
				<clade>
						<name>s12</name>
					<clade>
							<name>s13</name>
						<clade>
								<name>s14</name>
							<clade>
									<name>Capsicum.annum</name>
							</clade>
							<clade>
									<name>Solanum.tuberosum</name>
							</clade>
						</clade>
						<clade>
								<name>Coffea.canephora</name>
						</clade>
					</clade>
					<clade>
							<name>Daucus.carota</name>
					</clade>
				</clade>
			</clade>
		</clade>
		<clade>
				<name>s3</name>
			<clade>
					<name>Amborella.trichopoda</name>
			</clade>
			<clade>
					<name>Marchantia.polymorpha</name>
			</clade>
		</clade>
	</clade>
</clade>
</phylogeny>
</spTree>
<recGeneTree>
<phylogeny rooted="true">
<clade>
	<name>NULL</name>
	<eventsRec>
		<speciation speciesLocation="s4"/>
	</eventsRec>
	<clade>
		<name>NULL</name>
		<eventsRec>
			<speciation speciesLocation="s6"/>
		</eventsRec>
		<clade>
			<name>Zea.mays_Zm00001eb419910_P001</name>
			<eventsRec>
				<leaf speciesLocation="Zea.mays"/>
			</eventsRec>
		</clade>
		<clade>
			<name>NULL</name>
			<eventsRec>
				<branchingOut speciesLocation="Oryza.sativa"/>
			</eventsRec>
			<clade>
				<name>Oryza.sativa_Os04t0117600-01</name>
				<eventsRec>
					<leaf speciesLocation="Oryza.sativa"/>
				</eventsRec>
			</clade>
			<clade>
				<name>NULL</name>
				<eventsRec>
					<transferBack destinationSpecies="s1"/>
					<speciation speciesLocation="s1"/>
				</eventsRec>
				<clade>
					<name>NULL</name>
					<eventsRec>
						<speciation speciesLocation="s0"/>
					</eventsRec>
						<clade>
						<name>loss</name>
						<eventsRec>
							<loss speciesLocation="s7"/>
						</eventsRec>
					</clade>
					<clade>
						<name>NULL</name>
						<eventsRec>
							<speciation speciesLocation="s15"/>
						</eventsRec>
						<clade>
							<name>NULL</name>
							<eventsRec>
								<speciation speciesLocation="s12"/>
							</eventsRec>
							<clade>
								<name>NULL</name>
								<eventsRec>
									<branchingOut speciesLocation="s13"/>
								</eventsRec>
								<clade>
									<name>NULL</name>
									<eventsRec>
										<transferBack destinationSpecies="s10"/>
										<speciation speciesLocation="s10"/>
									</eventsRec>
									<clade>
										<name>NULL</name>
										<eventsRec>
											<branchingOut speciesLocation="Malus.domestica"/>
										</eventsRec>
										<clade>
											<name>NULL</name>
											<eventsRec>
												<transferBack destinationSpecies="s7"/>
												<speciation speciesLocation="s7"/>
											</eventsRec>
											<clade>
												<name>NULL</name>
												<eventsRec>
													<speciation speciesLocation="s8"/>
												</eventsRec>
												<clade>
													<name>Arabidopis.thaliana_AT4G38890.1</name>
													<eventsRec>
														<leaf speciesLocation="Arabidopis.thaliana"/>
													</eventsRec>
												</clade>
												<clade>
													<name>Brassica.oleracea_Bo1g002220.1</name>
													<eventsRec>
														<leaf speciesLocation="Brassica.oleracea"/>
													</eventsRec>
												</clade>
											</clade>
											<clade>
												<name>Glycine.max_KRH60751</name>
												<eventsRec>
													<speciation speciesLocation="s9"/>
												</eventsRec>
													<clade>
													<name>loss</name>
													<eventsRec>
														<loss speciesLocation="s10"/>
													</eventsRec>
												</clade>
												<clade>
													<name>Glycine.max_KRH60751</name>
													<eventsRec>
														<leaf speciesLocation="Glycine.max"/>
													</eventsRec>
												</clade>
											</clade>
										</clade>
										<clade>
											<name>NULL</name>
											<eventsRec>
												<duplication speciesLocation="Malus.domestica"/>
											</eventsRec>
											<clade>
												<name>Malus.domestica_mRNA_MD10G0051100</name>
												<eventsRec>
													<leaf speciesLocation="Malus.domestica"/>
												</eventsRec>
											</clade>
											<clade>
												<name>Malus.domestica_mRNA_MD05G0045700</name>
												<eventsRec>
													<leaf speciesLocation="Malus.domestica"/>
												</eventsRec>
											</clade>
										</clade>
									</clade>
									<clade>
										<name>NULL</name>
										<eventsRec>
											<branchingOut speciesLocation="s11"/>
										</eventsRec>
										<clade>
											<name>NULL</name>
											<eventsRec>
												<transferBack destinationSpecies="Beta.vulgaris"/>
												<duplication speciesLocation="Beta.vulgaris"/>
											</eventsRec>
											<clade>
												<name>Beta.vulgaris_KMS96500</name>
												<eventsRec>
													<leaf speciesLocation="Beta.vulgaris"/>
												</eventsRec>
											</clade>
											<clade>
												<name>Beta.vulgaris_KMS96499</name>
												<eventsRec>
													<leaf speciesLocation="Beta.vulgaris"/>
												</eventsRec>
											</clade>
										</clade>
										<clade>
											<name>NULL</name>
											<eventsRec>
												<speciation speciesLocation="s11"/>
											</eventsRec>
											<clade>
												<name>Citrillus.lanatus_Cla97C02G031390.1</name>
												<eventsRec>
													<leaf speciesLocation="Citrillus.lanatus"/>
												</eventsRec>
											</clade>
											<clade>
												<name>Cucumis.sativus_KGN43192</name>
												<eventsRec>
													<leaf speciesLocation="Cucumis.sativus"/>
												</eventsRec>
											</clade>
										</clade>
									</clade>
								</clade>
								<clade>
									<name>NULL</name>
									<eventsRec>
										<speciation speciesLocation="s13"/>
									</eventsRec>
									<clade>
										<name>NULL</name>
										<eventsRec>
											<speciation speciesLocation="s14"/>
										</eventsRec>
										<clade>
											<name>Capsicum.annum_PHT62373</name>
											<eventsRec>
												<leaf speciesLocation="Capsicum.annum"/>
											</eventsRec>
										</clade>
										<clade>
											<name>NULL</name>
											<eventsRec>
												<duplication speciesLocation="Solanum.tuberosum"/>
											</eventsRec>
											<clade>
												<name>Solanum.tuberosum_PGSC0003DMT400004175</name>
												<eventsRec>
													<leaf speciesLocation="Solanum.tuberosum"/>
												</eventsRec>
											</clade>
											<clade>
												<name>Solanum.tuberosum_PGSC0003DMT400004176</name>
												<eventsRec>
													<leaf speciesLocation="Solanum.tuberosum"/>
												</eventsRec>
											</clade>
										</clade>
									</clade>
									<clade>
										<name>Coffea.canephora_CDO96978</name>
										<eventsRec>
											<leaf speciesLocation="Coffea.canephora"/>
										</eventsRec>
									</clade>
								</clade>
							</clade>
							<clade>
								<name>Daucus.carota_KZM89846</name>
								<eventsRec>
									<leaf speciesLocation="Daucus.carota"/>
								</eventsRec>
							</clade>
						</clade>
						<clade>
							<name>NULL</name>
							<eventsRec>
								<branchingOut speciesLocation="Beta.vulgaris"/>
							</eventsRec>
							<clade>
								<name>Beta.vulgaris_KMT12429</name>
								<eventsRec>
									<leaf speciesLocation="Beta.vulgaris"/>
								</eventsRec>
							</clade>
							<clade>
								<name>NULL</name>
								<eventsRec>
									<transferBack destinationSpecies="Amborella.trichopoda"/>
									<duplication speciesLocation="Amborella.trichopoda"/>
								</eventsRec>
								<clade>
									<name>Amborella.trichopoda_ERM96789</name>
									<eventsRec>
										<leaf speciesLocation="Amborella.trichopoda"/>
									</eventsRec>
								</clade>
								<clade>
									<name>Amborella.trichopoda_ERN14457</name>
									<eventsRec>
										<leaf speciesLocation="Amborella.trichopoda"/>
									</eventsRec>
								</clade>
							</clade>
						</clade>
					</clade>
				</clade>
				<clade>
					<name>NULL</name>
					<eventsRec>
						<speciation speciesLocation="s3"/>
					</eventsRec>
					<clade>
						<name>Amborella.trichopoda_ERN14456</name>
						<eventsRec>
							<leaf speciesLocation="Amborella.trichopoda"/>
						</eventsRec>
					</clade>
					<clade>
						<name>NULL</name>
						<eventsRec>
							<duplication speciesLocation="Marchantia.polymorpha"/>
						</eventsRec>
						<clade>
							<name>NULL</name>
							<eventsRec>
								<duplication speciesLocation="Marchantia.polymorpha"/>
							</eventsRec>
							<clade>
								<name>NULL</name>
								<eventsRec>
									<duplication speciesLocation="Marchantia.polymorpha"/>
								</eventsRec>
								<clade>
									<name>Marchantia.polymorpha_Mp3g20900.2.cds</name>
									<eventsRec>
										<leaf speciesLocation="Marchantia.polymorpha"/>
									</eventsRec>
								</clade>
								<clade>
									<name>Marchantia.polymorpha_Mp3g20900.3.cds</name>
									<eventsRec>
										<leaf speciesLocation="Marchantia.polymorpha"/>
									</eventsRec>
								</clade>
							</clade>
							<clade>
								<name>Marchantia.polymorpha_Mp3g20900.1.cds</name>
								<eventsRec>
									<leaf speciesLocation="Marchantia.polymorpha"/>
								</eventsRec>
							</clade>
						</clade>
						<clade>
							<name>Marchantia.polymorpha_Mp3g20900.4.cds</name>
							<eventsRec>
								<leaf speciesLocation="Marchantia.polymorpha"/>
							</eventsRec>
						</clade>
					</clade>
				</clade>
			</clade>
		</clade>
	</clade>
	<clade>
		<name>NULL</name>
		<eventsRec>
			<speciation speciesLocation="s5"/>
		</eventsRec>
		<clade>
			<name>Hordeum.vulgare_HORVU.MOREX.r3.2HG0096440.1</name>
			<eventsRec>
				<leaf speciesLocation="Hordeum.vulgare"/>
			</eventsRec>
		</clade>
		<clade>
			<name>NULL</name>
			<eventsRec>
				<duplication speciesLocation="Triticum.aestivum"/>
			</eventsRec>
			<clade>
				<name>Triticum.aestivum_TraesCS2B02G012900.1</name>
				<eventsRec>
					<leaf speciesLocation="Triticum.aestivum"/>
				</eventsRec>
			</clade>
			<clade>
				<name>NULL</name>
				<eventsRec>
					<duplication speciesLocation="Triticum.aestivum"/>
				</eventsRec>
				<clade>
					<name>Triticum.aestivum_TraesCS2D02G009600.1</name>
					<eventsRec>
						<leaf speciesLocation="Triticum.aestivum"/>
					</eventsRec>
				</clade>
				<clade>
					<name>NULL</name>
					<eventsRec>
						<duplication speciesLocation="Triticum.aestivum"/>
					</eventsRec>
					<clade>
						<name>Triticum.aestivum_TraesCS2A02G007800.2</name>
						<eventsRec>
							<leaf speciesLocation="Triticum.aestivum"/>
						</eventsRec>
					</clade>
					<clade>
						<name>Triticum.aestivum_TraesCS2A02G007800.1</name>
						<eventsRec>
							<leaf speciesLocation="Triticum.aestivum"/>
						</eventsRec>
					</clade>
				</clade>
			</clade>
		</clade>
	</clade>
</clade>
</phylogeny>
</recGeneTree>
</recPhylo>