<recPhylo 
	xmlns:xsi="http://www.w3.org/2001/XMLSchema-instance"
	xsi:schemaLocation="http://www.recg.org ./recGeneTreeXML.xsd"
	xmlns="http://www.recg.org">
<spTree>
<phylogeny>
<clade>
		<name>s2</name>
	<clade>
			<name>s4</name>
		<clade>
				<name>s5</name>
			<clade>
					<name>Hordeum.vulgare</name>
			</clade>
			<clade>
					<name>Triticum.aestivum</name>
			</clade>
		</clade>
		<clade>
				<name>s6</name>
			<clade>
					<name>Oryza.sativa</name>
			</clade>
			<clade>
					<name>Zea.mays</name>
			</clade>
		</clade>
	</clade>
	<clade>
			<name>s1</name>
		<clade>
				<name>s0</name>
			<clade>
					<name>s7</name>
				<clade>
						<name>s8</name>
					<clade>
							<name>Arabidopis.thaliana</name>
					</clade>
					<clade>
							<name>Brassica.oleracea</name>
					</clade>
				</clade>
				<clade>
						<name>s9</name>
					<clade>
							<name>s10</name>
						<clade>
								<name>s11</name>
							<clade>
									<name>Citrillus.lanatus</name>
							</clade>
							<clade>
									<name>Cucumis.sativus</name>
							</clade>
						</clade>
						<clade>
								<name>Malus.domestica</name>
						</clade>
					</clade>
					<clade>
							<name>Glycine.max</name>
					</clade>
				</clade>
			</clade>
			<clade>
					<name>s15</name>
				<clade>
						<name>Beta.vulgaris</name>
				</clade>
				<clade>
						<name>s12</name>
					<clade>
							<name>s13</name>
						<clade>
								<name>s14</name>
							<clade>
									<name>Capsicum.annum</name>
							</clade>
							<clade>
									<name>Solanum.tuberosum</name>
							</clade>
						</clade>
						<clade>
								<name>Coffea.canephora</name>
						</clade>
					</clade>
					<clade>
							<name>Daucus.carota</name>
					</clade>
				</clade>
			</clade>
		</clade>
		<clade>
				<name>s3</name>
			<clade>
					<name>Amborella.trichopoda</name>
			</clade>
			<clade>
					<name>Marchantia.polymorpha</name>
			</clade>
		</clade>
	</clade>
</clade>
</phylogeny>
</spTree>
<recGeneTree>
<phylogeny rooted="true">
<clade>
	<name>NULL</name>
	<eventsRec>
		<speciation speciesLocation="s2"/>
	</eventsRec>
	<clade>
		<name>NULL</name>
		<eventsRec>
			<speciation speciesLocation="s1"/>
		</eventsRec>
		<clade>
			<name>Marchantia.polymorpha_Mp8g07920.1.cds</name>
			<eventsRec>
				<speciation speciesLocation="s3"/>
			</eventsRec>
				<clade>
				<name>loss</name>
				<eventsRec>
					<loss speciesLocation="Amborella.trichopoda"/>
				</eventsRec>
			</clade>
			<clade>
				<name>Marchantia.polymorpha_Mp8g07920.1.cds</name>
				<eventsRec>
					<leaf speciesLocation="Marchantia.polymorpha"/>
				</eventsRec>
			</clade>
		</clade>
		<clade>
			<name>NULL</name>
			<eventsRec>
				<branchingOut speciesLocation="s0"/>
			</eventsRec>
			<clade>
				<name>NULL</name>
				<eventsRec>
					<speciation speciesLocation="s0"/>
				</eventsRec>
				<clade>
					<name>NULL</name>
					<eventsRec>
						<branchingOut speciesLocation="s7"/>
					</eventsRec>
					<clade>
						<name>Amborella.trichopoda_ERN02253</name>
						<eventsRec>
							<transferBack destinationSpecies="Amborella.trichopoda"/>
							<leaf speciesLocation="Amborella.trichopoda"/>
						</eventsRec>
					</clade>
					<clade>
						<name>NULL</name>
						<eventsRec>
							<branchingOut speciesLocation="s7"/>
						</eventsRec>
						<clade>
							<name>NULL</name>
							<eventsRec>
								<speciation speciesLocation="s7"/>
							</eventsRec>
							<clade>
								<name>NULL</name>
								<eventsRec>
									<speciation speciesLocation="s8"/>
								</eventsRec>
								<clade>
									<name>NULL</name>
									<eventsRec>
										<duplication speciesLocation="Arabidopis.thaliana"/>
									</eventsRec>
									<clade>
										<name>Arabidopis.thaliana_AT2G47690.1</name>
										<eventsRec>
											<leaf speciesLocation="Arabidopis.thaliana"/>
										</eventsRec>
									</clade>
									<clade>
										<name>Arabidopis.thaliana_AT3G62790.1</name>
										<eventsRec>
											<leaf speciesLocation="Arabidopis.thaliana"/>
										</eventsRec>
									</clade>
								</clade>
								<clade>
									<name>Brassica.oleracea_Bo6g079630.1</name>
									<eventsRec>
										<leaf speciesLocation="Brassica.oleracea"/>
									</eventsRec>
								</clade>
							</clade>
							<clade>
								<name>NULL</name>
								<eventsRec>
									<speciation speciesLocation="s9"/>
								</eventsRec>
								<clade>
									<name>Malus.domestica_mRNA_MD03G0235600</name>
									<eventsRec>
										<speciation speciesLocation="s10"/>
									</eventsRec>
										<clade>
										<name>loss</name>
										<eventsRec>
											<loss speciesLocation="s11"/>
										</eventsRec>
									</clade>
									<clade>
										<name>Malus.domestica_mRNA_MD03G0235600</name>
										<eventsRec>
											<leaf speciesLocation="Malus.domestica"/>
										</eventsRec>
									</clade>
								</clade>
								<clade>
									<name>NULL</name>
									<eventsRec>
										<duplication speciesLocation="Glycine.max"/>
									</eventsRec>
									<clade>
										<name>Glycine.max_KRH68191</name>
										<eventsRec>
											<leaf speciesLocation="Glycine.max"/>
										</eventsRec>
									</clade>
									<clade>
										<name>Glycine.max_KRG96447</name>
										<eventsRec>
											<leaf speciesLocation="Glycine.max"/>
										</eventsRec>
									</clade>
								</clade>
							</clade>
						</clade>
						<clade>
							<name>NULL</name>
							<eventsRec>
								<transferBack destinationSpecies="s13"/>
								<speciation speciesLocation="s13"/>
							</eventsRec>
							<clade>
								<name>NULL</name>
								<eventsRec>
									<speciation speciesLocation="s14"/>
								</eventsRec>
								<clade>
									<name>Capsicum.annum_PHT65438</name>
									<eventsRec>
										<leaf speciesLocation="Capsicum.annum"/>
									</eventsRec>
								</clade>
								<clade>
									<name>Solanum.tuberosum_PGSC0003DMT400073819</name>
									<eventsRec>
										<leaf speciesLocation="Solanum.tuberosum"/>
									</eventsRec>
								</clade>
							</clade>
							<clade>
								<name>Coffea.canephora_CDP12687</name>
								<eventsRec>
									<leaf speciesLocation="Coffea.canephora"/>
								</eventsRec>
							</clade>
						</clade>
					</clade>
				</clade>
				<clade>
					<name>NULL</name>
					<eventsRec>
						<speciation speciesLocation="s15"/>
					</eventsRec>
					<clade>
						<name>NULL</name>
						<eventsRec>
							<speciation speciesLocation="s12"/>
						</eventsRec>
							<clade>
							<name>loss</name>
							<eventsRec>
								<loss speciesLocation="s13"/>
							</eventsRec>
						</clade>
						<clade>
							<name>NULL</name>
							<eventsRec>
								<branchingOut speciesLocation="Daucus.carota"/>
							</eventsRec>
							<clade>
								<name>NULL</name>
								<eventsRec>
									<transferBack destinationSpecies="Arabidopis.thaliana"/>
									<duplication speciesLocation="Arabidopis.thaliana"/>
								</eventsRec>
								<clade>
									<name>Arabidopis.thaliana_AT2G47690.2</name>
									<eventsRec>
										<leaf speciesLocation="Arabidopis.thaliana"/>
									</eventsRec>
								</clade>
								<clade>
									<name>NULL</name>
									<eventsRec>
										<branchingOut speciesLocation="Arabidopis.thaliana"/>
									</eventsRec>
									<clade>
										<name>Arabidopis.thaliana_AT2G47690.3</name>
										<eventsRec>
											<leaf speciesLocation="Arabidopis.thaliana"/>
										</eventsRec>
									</clade>
									<clade>
										<name>Citrillus.lanatus_Cla97C10G193790.1</name>
										<eventsRec>
											<transferBack destinationSpecies="Citrillus.lanatus"/>
											<leaf speciesLocation="Citrillus.lanatus"/>
										</eventsRec>
									</clade>
								</clade>
							</clade>
							<clade>
								<name>Daucus.carota_KZM85509</name>
								<eventsRec>
									<leaf speciesLocation="Daucus.carota"/>
								</eventsRec>
							</clade>
						</clade>
					</clade>
					<clade>
						<name>Beta.vulgaris_KMT15702</name>
						<eventsRec>
							<leaf speciesLocation="Beta.vulgaris"/>
						</eventsRec>
					</clade>
				</clade>
			</clade>
			<clade>
				<name>NULL</name>
				<eventsRec>
					<transferBack destinationSpecies="Cucumis.sativus"/>
					<branchingOut speciesLocation="Cucumis.sativus"/>
				</eventsRec>
				<clade>
					<name>Cucumis.sativus_KGN52808</name>
					<eventsRec>
						<leaf speciesLocation="Cucumis.sativus"/>
					</eventsRec>
				</clade>
				<clade>
					<name>Oryza.sativa_Os08t0556600-01</name>
					<eventsRec>
						<transferBack destinationSpecies="Oryza.sativa"/>
						<leaf speciesLocation="Oryza.sativa"/>
					</eventsRec>
				</clade>
			</clade>
		</clade>
	</clade>
	<clade>
		<name>NULL</name>
		<eventsRec>
			<speciation speciesLocation="s4"/>
		</eventsRec>
		<clade>
			<name>NULL</name>
			<eventsRec>
				<speciation speciesLocation="s5"/>
			</eventsRec>
			<clade>
				<name>Triticum.aestivum_TraesCS7A02G277200.1</name>
				<eventsRec>
					<leaf speciesLocation="Triticum.aestivum"/>
				</eventsRec>
			</clade>
			<clade>
				<name>Hordeum.vulgare_HORVU.MOREX.r3.7HG0688720.1</name>
				<eventsRec>
					<leaf speciesLocation="Hordeum.vulgare"/>
				</eventsRec>
			</clade>
		</clade>
		<clade>
			<name>Zea.mays_Zm00001eb039670_P001</name>
			<eventsRec>
				<speciation speciesLocation="s6"/>
			</eventsRec>
				<clade>
				<name>loss</name>
				<eventsRec>
					<loss speciesLocation="Oryza.sativa"/>
				</eventsRec>
			</clade>
			<clade>
				<name>Zea.mays_Zm00001eb039670_P001</name>
				<eventsRec>
					<leaf speciesLocation="Zea.mays"/>
				</eventsRec>
			</clade>
		</clade>
	</clade>
</clade>
</phylogeny>
</recGeneTree>
</recPhylo>