<recPhylo 
	xmlns:xsi="http://www.w3.org/2001/XMLSchema-instance"
	xsi:schemaLocation="http://www.recg.org ./recGeneTreeXML.xsd"
	xmlns="http://www.recg.org">
<spTree>
<phylogeny>
<clade>
		<name>s2</name>
	<clade>
			<name>s4</name>
		<clade>
				<name>s5</name>
			<clade>
					<name>Hordeum.vulgare</name>
			</clade>
			<clade>
					<name>Triticum.aestivum</name>
			</clade>
		</clade>
		<clade>
				<name>s6</name>
			<clade>
					<name>Oryza.sativa</name>
			</clade>
			<clade>
					<name>Zea.mays</name>
			</clade>
		</clade>
	</clade>
	<clade>
			<name>s1</name>
		<clade>
				<name>s0</name>
			<clade>
					<name>s7</name>
				<clade>
						<name>s8</name>
					<clade>
							<name>Arabidopis.thaliana</name>
					</clade>
					<clade>
							<name>Brassica.oleracea</name>
					</clade>
				</clade>
				<clade>
						<name>s9</name>
					<clade>
							<name>s10</name>
						<clade>
								<name>s11</name>
							<clade>
									<name>Citrillus.lanatus</name>
							</clade>
							<clade>
									<name>Cucumis.sativus</name>
							</clade>
						</clade>
						<clade>
								<name>Malus.domestica</name>
						</clade>
					</clade>
					<clade>
							<name>Glycine.max</name>
					</clade>
				</clade>
			</clade>
			<clade>
					<name>s15</name>
				<clade>
						<name>Beta.vulgaris</name>
				</clade>
				<clade>
						<name>s12</name>
					<clade>
							<name>s13</name>
						<clade>
								<name>s14</name>
							<clade>
									<name>Capsicum.annum</name>
							</clade>
							<clade>
									<name>Solanum.tuberosum</name>
							</clade>
						</clade>
						<clade>
								<name>Coffea.canephora</name>
						</clade>
					</clade>
					<clade>
							<name>Daucus.carota</name>
					</clade>
				</clade>
			</clade>
		</clade>
		<clade>
				<name>s3</name>
			<clade>
					<name>Amborella.trichopoda</name>
			</clade>
			<clade>
					<name>Marchantia.polymorpha</name>
			</clade>
		</clade>
	</clade>
</clade>
</phylogeny>
</spTree>
<recGeneTree>
<phylogeny rooted="true">
<clade>
	<name>NULL</name>
	<eventsRec>
		<speciation speciesLocation="s5"/>
	</eventsRec>
	<clade>
		<name>NULL</name>
		<eventsRec>
			<duplication speciesLocation="Triticum.aestivum"/>
		</eventsRec>
		<clade>
			<name>Triticum.aestivum_TraesCS2A02G154100.1</name>
			<eventsRec>
				<leaf speciesLocation="Triticum.aestivum"/>
			</eventsRec>
		</clade>
		<clade>
			<name>NULL</name>
			<eventsRec>
				<duplication speciesLocation="Triticum.aestivum"/>
			</eventsRec>
			<clade>
				<name>Triticum.aestivum_TraesCS2D02G159600.1</name>
				<eventsRec>
					<leaf speciesLocation="Triticum.aestivum"/>
				</eventsRec>
			</clade>
			<clade>
				<name>NULL</name>
				<eventsRec>
					<duplication speciesLocation="Triticum.aestivum"/>
				</eventsRec>
				<clade>
					<name>Triticum.aestivum_TraesCS2B02G179400.1</name>
					<eventsRec>
						<leaf speciesLocation="Triticum.aestivum"/>
					</eventsRec>
				</clade>
				<clade>
					<name>NULL</name>
					<eventsRec>
						<branchingOut speciesLocation="Triticum.aestivum"/>
					</eventsRec>
					<clade>
						<name>NULL</name>
						<eventsRec>
							<duplication speciesLocation="Triticum.aestivum"/>
						</eventsRec>
						<clade>
							<name>Triticum.aestivum_TraesCS6B02G101700.1</name>
							<eventsRec>
								<leaf speciesLocation="Triticum.aestivum"/>
							</eventsRec>
						</clade>
						<clade>
							<name>Triticum.aestivum_TraesCS6A02G076300.1</name>
							<eventsRec>
								<leaf speciesLocation="Triticum.aestivum"/>
							</eventsRec>
						</clade>
					</clade>
					<clade>
						<name>NULL</name>
						<eventsRec>
							<transferBack destinationSpecies="s6"/>
							<speciation speciesLocation="s6"/>
						</eventsRec>
						<clade>
							<name>Zea.mays_Zm00001eb179550_P001</name>
							<eventsRec>
								<leaf speciesLocation="Zea.mays"/>
							</eventsRec>
						</clade>
						<clade>
							<name>NULL</name>
							<eventsRec>
								<duplication speciesLocation="Oryza.sativa"/>
							</eventsRec>
							<clade>
								<name>Oryza.sativa_Os08t0431500-02</name>
								<eventsRec>
									<leaf speciesLocation="Oryza.sativa"/>
								</eventsRec>
							</clade>
							<clade>
								<name>NULL</name>
								<eventsRec>
									<branchingOut speciesLocation="Oryza.sativa"/>
								</eventsRec>
								<clade>
									<name>Oryza.sativa_Os08t0431500-01</name>
									<eventsRec>
										<leaf speciesLocation="Oryza.sativa"/>
									</eventsRec>
								</clade>
								<clade>
									<name>NULL</name>
									<eventsRec>
										<transferBack destinationSpecies="s13"/>
										<speciation speciesLocation="s13"/>
									</eventsRec>
									<clade>
										<name>NULL</name>
										<eventsRec>
											<branchingOut speciesLocation="Coffea.canephora"/>
										</eventsRec>
										<clade>
											<name>NULL</name>
											<eventsRec>
												<branchingOut speciesLocation="Coffea.canephora"/>
											</eventsRec>
											<clade>
												<name>Coffea.canephora_CDP13742</name>
												<eventsRec>
													<leaf speciesLocation="Coffea.canephora"/>
												</eventsRec>
											</clade>
											<clade>
												<name>NULL</name>
												<eventsRec>
													<transferBack destinationSpecies="Daucus.carota"/>
													<branchingOut speciesLocation="Daucus.carota"/>
												</eventsRec>
												<clade>
													<name>Daucus.carota_KZM99424</name>
													<eventsRec>
														<leaf speciesLocation="Daucus.carota"/>
													</eventsRec>
												</clade>
												<clade>
													<name>NULL</name>
													<eventsRec>
														<transferBack destinationSpecies="s3"/>
														<speciation speciesLocation="s3"/>
													</eventsRec>
													<clade>
														<name>Marchantia.polymorpha_Mp8g11910.1.cds</name>
														<eventsRec>
															<leaf speciesLocation="Marchantia.polymorpha"/>
														</eventsRec>
													</clade>
													<clade>
														<name>Amborella.trichopoda_ERM94036</name>
														<eventsRec>
															<leaf speciesLocation="Amborella.trichopoda"/>
														</eventsRec>
													</clade>
												</clade>
											</clade>
										</clade>
										<clade>
											<name>NULL</name>
											<eventsRec>
												<transferBack destinationSpecies="s7"/>
												<speciation speciesLocation="s7"/>
											</eventsRec>
											<clade>
												<name>NULL</name>
												<eventsRec>
													<speciation speciesLocation="s8"/>
												</eventsRec>
												<clade>
													<name>NULL</name>
													<eventsRec>
														<duplication speciesLocation="Arabidopis.thaliana"/>
													</eventsRec>
													<clade>
														<name>Arabidopis.thaliana_AT4G16450.1</name>
														<eventsRec>
															<leaf speciesLocation="Arabidopis.thaliana"/>
														</eventsRec>
													</clade>
													<clade>
														<name>Arabidopis.thaliana_AT4G16450.2</name>
														<eventsRec>
															<leaf speciesLocation="Arabidopis.thaliana"/>
														</eventsRec>
													</clade>
												</clade>
												<clade>
													<name>NULL</name>
													<eventsRec>
														<duplication speciesLocation="Brassica.oleracea"/>
													</eventsRec>
													<clade>
														<name>Brassica.oleracea_Bo7g104440.1</name>
														<eventsRec>
															<leaf speciesLocation="Brassica.oleracea"/>
														</eventsRec>
													</clade>
													<clade>
														<name>Brassica.oleracea_Bo1g053750.1</name>
														<eventsRec>
															<leaf speciesLocation="Brassica.oleracea"/>
														</eventsRec>
													</clade>
												</clade>
											</clade>
											<clade>
												<name>NULL</name>
												<eventsRec>
													<speciation speciesLocation="s9"/>
												</eventsRec>
													<clade>
													<name>loss</name>
													<eventsRec>
														<loss speciesLocation="Glycine.max"/>
													</eventsRec>
												</clade>
												<clade>
													<name>NULL</name>
													<eventsRec>
														<speciation speciesLocation="s10"/>
													</eventsRec>
													<clade>
														<name>NULL</name>
														<eventsRec>
															<branchingOut speciesLocation="Malus.domestica"/>
														</eventsRec>
														<clade>
															<name>Beta.vulgaris_KMT12913</name>
															<eventsRec>
																<transferBack destinationSpecies="Beta.vulgaris"/>
																<leaf speciesLocation="Beta.vulgaris"/>
															</eventsRec>
														</clade>
														<clade>
															<name>NULL</name>
															<eventsRec>
																<branchingOut speciesLocation="Malus.domestica"/>
															</eventsRec>
															<clade>
																<name>NULL</name>
																<eventsRec>
																	<transferBack destinationSpecies="Glycine.max"/>
																	<duplication speciesLocation="Glycine.max"/>
																</eventsRec>
																<clade>
																	<name>Glycine.max_KRH36573</name>
																	<eventsRec>
																		<leaf speciesLocation="Glycine.max"/>
																	</eventsRec>
																</clade>
																<clade>
																	<name>Glycine.max_KRH11550</name>
																	<eventsRec>
																		<leaf speciesLocation="Glycine.max"/>
																	</eventsRec>
																</clade>
															</clade>
															<clade>
																<name>Malus.domestica_mRNA_MD10G0286700</name>
																<eventsRec>
																	<leaf speciesLocation="Malus.domestica"/>
																</eventsRec>
															</clade>
														</clade>
													</clade>
													<clade>
														<name>NULL</name>
														<eventsRec>
															<speciation speciesLocation="s11"/>
														</eventsRec>
														<clade>
															<name>Citrillus.lanatus_Cla97C01G010420.1</name>
															<eventsRec>
																<leaf speciesLocation="Citrillus.lanatus"/>
															</eventsRec>
														</clade>
														<clade>
															<name>Cucumis.sativus_KGN65035</name>
															<eventsRec>
																<leaf speciesLocation="Cucumis.sativus"/>
															</eventsRec>
														</clade>
													</clade>
												</clade>
											</clade>
										</clade>
									</clade>
									<clade>
										<name>NULL</name>
										<eventsRec>
											<speciation speciesLocation="s14"/>
										</eventsRec>
										<clade>
											<name>Capsicum.annum_PHT77353</name>
											<eventsRec>
												<leaf speciesLocation="Capsicum.annum"/>
											</eventsRec>
										</clade>
										<clade>
											<name>Solanum.tuberosum_PGSC0003DMT400057110</name>
											<eventsRec>
												<leaf speciesLocation="Solanum.tuberosum"/>
											</eventsRec>
										</clade>
									</clade>
								</clade>
							</clade>
						</clade>
					</clade>
				</clade>
			</clade>
		</clade>
	</clade>
	<clade>
		<name>Hordeum.vulgare_HORVU.MOREX.r3.2HG0121700.1</name>
		<eventsRec>
			<leaf speciesLocation="Hordeum.vulgare"/>
		</eventsRec>
	</clade>
</clade>
</phylogeny>
</recGeneTree>
</recPhylo>