<recPhylo 
	xmlns:xsi="http://www.w3.org/2001/XMLSchema-instance"
	xsi:schemaLocation="http://www.recg.org ./recGeneTreeXML.xsd"
	xmlns="http://www.recg.org">
<spTree>
<phylogeny>
<clade>
		<name>s2</name>
	<clade>
			<name>s4</name>
		<clade>
				<name>s5</name>
			<clade>
					<name>Hordeum.vulgare</name>
			</clade>
			<clade>
					<name>Triticum.aestivum</name>
			</clade>
		</clade>
		<clade>
				<name>s6</name>
			<clade>
					<name>Oryza.sativa</name>
			</clade>
			<clade>
					<name>Zea.mays</name>
			</clade>
		</clade>
	</clade>
	<clade>
			<name>s1</name>
		<clade>
				<name>s0</name>
			<clade>
					<name>s7</name>
				<clade>
						<name>s8</name>
					<clade>
							<name>Arabidopis.thaliana</name>
					</clade>
					<clade>
							<name>Brassica.oleracea</name>
					</clade>
				</clade>
				<clade>
						<name>s9</name>
					<clade>
							<name>s10</name>
						<clade>
								<name>s11</name>
							<clade>
									<name>Citrillus.lanatus</name>
							</clade>
							<clade>
									<name>Cucumis.sativus</name>
							</clade>
						</clade>
						<clade>
								<name>Malus.domestica</name>
						</clade>
					</clade>
					<clade>
							<name>Glycine.max</name>
					</clade>
				</clade>
			</clade>
			<clade>
					<name>s15</name>
				<clade>
						<name>Beta.vulgaris</name>
				</clade>
				<clade>
						<name>s12</name>
					<clade>
							<name>s13</name>
						<clade>
								<name>s14</name>
							<clade>
									<name>Capsicum.annum</name>
							</clade>
							<clade>
									<name>Solanum.tuberosum</name>
							</clade>
						</clade>
						<clade>
								<name>Coffea.canephora</name>
						</clade>
					</clade>
					<clade>
							<name>Daucus.carota</name>
					</clade>
				</clade>
			</clade>
		</clade>
		<clade>
				<name>s3</name>
			<clade>
					<name>Amborella.trichopoda</name>
			</clade>
			<clade>
					<name>Marchantia.polymorpha</name>
			</clade>
		</clade>
	</clade>
</clade>
</phylogeny>
</spTree>
<recGeneTree>
<phylogeny rooted="true">
<clade>
	<name>NULL</name>
	<eventsRec>
		<speciation speciesLocation="s4"/>
	</eventsRec>
	<clade>
		<name>NULL</name>
		<eventsRec>
			<speciation speciesLocation="s6"/>
		</eventsRec>
		<clade>
			<name>Oryza.sativa_Os02t0169000-01</name>
			<eventsRec>
				<leaf speciesLocation="Oryza.sativa"/>
			</eventsRec>
		</clade>
		<clade>
			<name>NULL</name>
			<eventsRec>
				<branchingOut speciesLocation="Zea.mays"/>
			</eventsRec>
			<clade>
				<name>NULL</name>
				<eventsRec>
					<duplication speciesLocation="Zea.mays"/>
				</eventsRec>
				<clade>
					<name>Zea.mays_Zm00001eb233060_P002</name>
					<eventsRec>
						<leaf speciesLocation="Zea.mays"/>
					</eventsRec>
				</clade>
				<clade>
					<name>Zea.mays_Zm00001eb233060_P001</name>
					<eventsRec>
						<leaf speciesLocation="Zea.mays"/>
					</eventsRec>
				</clade>
			</clade>
			<clade>
				<name>NULL</name>
				<eventsRec>
					<transferBack destinationSpecies="s1"/>
					<speciation speciesLocation="s1"/>
				</eventsRec>
				<clade>
					<name>NULL</name>
					<eventsRec>
						<speciation speciesLocation="s0"/>
					</eventsRec>
					<clade>
						<name>NULL</name>
						<eventsRec>
							<speciation speciesLocation="s15"/>
						</eventsRec>
							<clade>
							<name>loss</name>
							<eventsRec>
								<loss speciesLocation="Beta.vulgaris"/>
							</eventsRec>
						</clade>
						<clade>
							<name>NULL</name>
							<eventsRec>
								<speciation speciesLocation="s12"/>
							</eventsRec>
							<clade>
								<name>NULL</name>
								<eventsRec>
									<speciation speciesLocation="s13"/>
								</eventsRec>
								<clade>
									<name>NULL</name>
									<eventsRec>
										<duplication speciesLocation="s14"/>
									</eventsRec>
									<clade>
										<name>NULL</name>
										<eventsRec>
											<speciation speciesLocation="s14"/>
										</eventsRec>
										<clade>
											<name>Capsicum.annum_PHT89211</name>
											<eventsRec>
												<leaf speciesLocation="Capsicum.annum"/>
											</eventsRec>
										</clade>
										<clade>
											<name>NULL</name>
											<eventsRec>
												<duplication speciesLocation="Solanum.tuberosum"/>
											</eventsRec>
											<clade>
												<name>Solanum.tuberosum_PGSC0003DMT400057232</name>
												<eventsRec>
													<leaf speciesLocation="Solanum.tuberosum"/>
												</eventsRec>
											</clade>
											<clade>
												<name>Solanum.tuberosum_PGSC0003DMT400057235</name>
												<eventsRec>
													<leaf speciesLocation="Solanum.tuberosum"/>
												</eventsRec>
											</clade>
										</clade>
									</clade>
									<clade>
										<name>Capsicum.annum_PHT77519</name>
										<eventsRec>
											<speciation speciesLocation="s14"/>
										</eventsRec>
											<clade>
											<name>loss</name>
											<eventsRec>
												<loss speciesLocation="Solanum.tuberosum"/>
											</eventsRec>
										</clade>
										<clade>
											<name>Capsicum.annum_PHT77519</name>
											<eventsRec>
												<leaf speciesLocation="Capsicum.annum"/>
											</eventsRec>
										</clade>
									</clade>
								</clade>
								<clade>
									<name>Coffea.canephora_CDP13573</name>
									<eventsRec>
										<leaf speciesLocation="Coffea.canephora"/>
									</eventsRec>
								</clade>
							</clade>
							<clade>
								<name>Daucus.carota_KZM93594</name>
								<eventsRec>
									<leaf speciesLocation="Daucus.carota"/>
								</eventsRec>
							</clade>
						</clade>
					</clade>
					<clade>
						<name>NULL</name>
						<eventsRec>
							<speciation speciesLocation="s7"/>
						</eventsRec>
						<clade>
							<name>NULL</name>
							<eventsRec>
								<speciation speciesLocation="s8"/>
							</eventsRec>
							<clade>
								<name>NULL</name>
								<eventsRec>
									<duplication speciesLocation="Arabidopis.thaliana"/>
								</eventsRec>
								<clade>
									<name>Arabidopis.thaliana_AT1G56180.2</name>
									<eventsRec>
										<leaf speciesLocation="Arabidopis.thaliana"/>
									</eventsRec>
								</clade>
								<clade>
									<name>Arabidopis.thaliana_AT1G56180.1</name>
									<eventsRec>
										<leaf speciesLocation="Arabidopis.thaliana"/>
									</eventsRec>
								</clade>
							</clade>
							<clade>
								<name>Brassica.oleracea_Bo3g185840.1</name>
								<eventsRec>
									<leaf speciesLocation="Brassica.oleracea"/>
								</eventsRec>
							</clade>
						</clade>
						<clade>
							<name>NULL</name>
							<eventsRec>
								<speciation speciesLocation="s9"/>
							</eventsRec>
							<clade>
								<name>NULL</name>
								<eventsRec>
									<speciation speciesLocation="s10"/>
								</eventsRec>
									<clade>
									<name>loss</name>
									<eventsRec>
										<loss speciesLocation="s11"/>
									</eventsRec>
								</clade>
								<clade>
									<name>NULL</name>
									<eventsRec>
										<branchingOut speciesLocation="Malus.domestica"/>
									</eventsRec>
									<clade>
										<name>Beta.vulgaris_KMT17366</name>
										<eventsRec>
											<transferBack destinationSpecies="Beta.vulgaris"/>
											<leaf speciesLocation="Beta.vulgaris"/>
										</eventsRec>
									</clade>
									<clade>
										<name>Malus.domestica_mRNA_MD05G0195600</name>
										<eventsRec>
											<leaf speciesLocation="Malus.domestica"/>
										</eventsRec>
									</clade>
								</clade>
							</clade>
							<clade>
								<name>NULL</name>
								<eventsRec>
									<branchingOut speciesLocation="Glycine.max"/>
								</eventsRec>
								<clade>
									<name>NULL</name>
									<eventsRec>
										<transferBack destinationSpecies="s11"/>
										<speciation speciesLocation="s11"/>
									</eventsRec>
									<clade>
										<name>Citrillus.lanatus_Cla97C09G184290.1</name>
										<eventsRec>
											<leaf speciesLocation="Citrillus.lanatus"/>
										</eventsRec>
									</clade>
									<clade>
										<name>Cucumis.sativus_KGN44287</name>
										<eventsRec>
											<leaf speciesLocation="Cucumis.sativus"/>
										</eventsRec>
									</clade>
								</clade>
								<clade>
									<name>NULL</name>
									<eventsRec>
										<duplication speciesLocation="Glycine.max"/>
									</eventsRec>
									<clade>
										<name>NULL</name>
										<eventsRec>
											<duplication speciesLocation="Glycine.max"/>
										</eventsRec>
										<clade>
											<name>Glycine.max_KRH13752</name>
											<eventsRec>
												<leaf speciesLocation="Glycine.max"/>
											</eventsRec>
										</clade>
										<clade>
											<name>NULL</name>
											<eventsRec>
												<duplication speciesLocation="Glycine.max"/>
											</eventsRec>
											<clade>
												<name>Glycine.max_KRH13754</name>
												<eventsRec>
													<leaf speciesLocation="Glycine.max"/>
												</eventsRec>
											</clade>
											<clade>
												<name>Glycine.max_KRH13753</name>
												<eventsRec>
													<leaf speciesLocation="Glycine.max"/>
												</eventsRec>
											</clade>
										</clade>
									</clade>
									<clade>
										<name>Glycine.max_KRH13751</name>
										<eventsRec>
											<leaf speciesLocation="Glycine.max"/>
										</eventsRec>
									</clade>
								</clade>
							</clade>
						</clade>
					</clade>
				</clade>
				<clade>
					<name>NULL</name>
					<eventsRec>
						<speciation speciesLocation="s3"/>
					</eventsRec>
					<clade>
						<name>Amborella.trichopoda_ERN19686</name>
						<eventsRec>
							<leaf speciesLocation="Amborella.trichopoda"/>
						</eventsRec>
					</clade>
					<clade>
						<name>NULL</name>
						<eventsRec>
							<branchingOut speciesLocation="Marchantia.polymorpha"/>
						</eventsRec>
						<clade>
							<name>NULL</name>
							<eventsRec>
								<transferBack destinationSpecies="s14"/>
								<duplication speciesLocation="s14"/>
							</eventsRec>
							<clade>
								<name>NULL</name>
								<eventsRec>
									<speciation speciesLocation="s14"/>
								</eventsRec>
								<clade>
									<name>Capsicum.annum_PHT72691</name>
									<eventsRec>
										<leaf speciesLocation="Capsicum.annum"/>
									</eventsRec>
								</clade>
								<clade>
									<name>Solanum.tuberosum_PGSC0003DMT400057233</name>
									<eventsRec>
										<leaf speciesLocation="Solanum.tuberosum"/>
									</eventsRec>
								</clade>
							</clade>
							<clade>
								<name>Solanum.tuberosum_PGSC0003DMT400057231</name>
								<eventsRec>
									<speciation speciesLocation="s14"/>
								</eventsRec>
									<clade>
									<name>loss</name>
									<eventsRec>
										<loss speciesLocation="Capsicum.annum"/>
									</eventsRec>
								</clade>
								<clade>
									<name>Solanum.tuberosum_PGSC0003DMT400057231</name>
									<eventsRec>
										<leaf speciesLocation="Solanum.tuberosum"/>
									</eventsRec>
								</clade>
							</clade>
						</clade>
						<clade>
							<name>NULL</name>
							<eventsRec>
								<branchingOut speciesLocation="Marchantia.polymorpha"/>
							</eventsRec>
							<clade>
								<name>Solanum.tuberosum_PGSC0003DMT400057234</name>
								<eventsRec>
									<transferBack destinationSpecies="Solanum.tuberosum"/>
									<leaf speciesLocation="Solanum.tuberosum"/>
								</eventsRec>
							</clade>
							<clade>
								<name>Marchantia.polymorpha_Mp4g02350.1.cds</name>
								<eventsRec>
									<leaf speciesLocation="Marchantia.polymorpha"/>
								</eventsRec>
							</clade>
						</clade>
					</clade>
				</clade>
			</clade>
		</clade>
	</clade>
	<clade>
		<name>NULL</name>
		<eventsRec>
			<speciation speciesLocation="s5"/>
		</eventsRec>
		<clade>
			<name>NULL</name>
			<eventsRec>
				<duplication speciesLocation="Triticum.aestivum"/>
			</eventsRec>
			<clade>
				<name>NULL</name>
				<eventsRec>
					<duplication speciesLocation="Triticum.aestivum"/>
				</eventsRec>
				<clade>
					<name>Triticum.aestivum_TraesCS6D02G154900.1</name>
					<eventsRec>
						<leaf speciesLocation="Triticum.aestivum"/>
					</eventsRec>
				</clade>
				<clade>
					<name>Triticum.aestivum_TraesCS6A02G166300.1</name>
					<eventsRec>
						<leaf speciesLocation="Triticum.aestivum"/>
					</eventsRec>
				</clade>
			</clade>
			<clade>
				<name>Triticum.aestivum_TraesCS6B02G193700.1</name>
				<eventsRec>
					<leaf speciesLocation="Triticum.aestivum"/>
				</eventsRec>
			</clade>
		</clade>
		<clade>
			<name>Hordeum.vulgare_HORVU.MOREX.r3.6HG0573530.1</name>
			<eventsRec>
				<leaf speciesLocation="Hordeum.vulgare"/>
			</eventsRec>
		</clade>
	</clade>
</clade>
</phylogeny>
</recGeneTree>
</recPhylo>